/books/pagans/index.{html} /books/pagans/
/authors/david-slavitt/index.{html} /authors/david-slavitt/
/authors/yangsze-choo/index.{html} /authors/yangsze-choo/
/notes/ecclesiastes-as-a-protest-manifesto/index.{html} /notes/ecclesiastes-as-a-protest-manifesto/
/publishers/bantam-books/index.{html} /publishers/bantam-books/
/books/meditations/index.{html} /books/meditations/
/books/one-day-ill-grow-up-and-be-a-beautiful-woman/index.{html} /books/one-day-ill-grow-up-and-be-a-beautiful-woman/
/notes/autism/index.{html} /notes/autism/
/books/lent/index.{html} /books/lent/
/books/mr-palomar/index.{html} /books/mr-palomar/
/books/gathering-moss/index.{html} /books/gathering-moss/
/books/paladins-strength/index.{html} /books/paladins-strength/
/books/sex-at-dawn/index.{html} /books/sex-at-dawn/
/notes/healthy-stories-are-fluid-not-fixed/index.{html} /notes/healthy-stories-are-fluid-not-fixed/
/notes/the-curse-of-latin-y-grammar/index.{html} /notes/the-curse-of-latin-y-grammar/
/notes/we-discount-censorship-when-its-motives-are-good/index.{html} /notes/we-discount-censorship-when-its-motives-are-good/
/publishers/princeton-university-press/index.{html} /publishers/princeton-university-press/
/shelves/book-wifes//index.{html} /shelves/book-wifes//
/books/a-green-equinox/index.{html} /books/a-green-equinox/
/books/a-woman-is-no-man/index.{html} /books/a-woman-is-no-man/
/books/invisible-cities/index.{html} /books/invisible-cities/
/books/juliette/index.{html} /books/juliette/
/books/minima-moralia/index.{html} /books/minima-moralia/
/books/the-wonder-engine/index.{html} /books/the-wonder-engine/
/notes/us-exceptionalism-is-abusive-narcissism/index.{html} /notes/us-exceptionalism-is-abusive-narcissism/
/publishers/orion/index.{html} /publishers/orion/
/authors/barbara-reynolds/index.{html} /authors/barbara-reynolds/
/authors/verlyn-klinkenborg/index.{html} /authors/verlyn-klinkenborg/
/notes/bisexuality-might-be-erotic-plasticity/index.{html} /notes/bisexuality-might-be-erotic-plasticity/
/notes/abuse-isnt-just-pathological-its-political/index.{html} /notes/abuse-isnt-just-pathological-its-political/
/notes/bottom-up-processors-are-associative-thinkers/index.{html} /notes/bottom-up-processors-are-associative-thinkers/
/authors/cheryl-tan/index.{html} /authors/cheryl-tan/
/books/zealot/index.{html} /books/zealot/
/books/beneath-the-rising/index.{html} /books/beneath-the-rising/
/books/in-perpetuity/index.{html} /books/in-perpetuity/
/books/what-moves-the-dead/index.{html} /books/what-moves-the-dead/
/authors/akwaeke-emezi/index.{html} /authors/akwaeke-emezi/
/authors/jean-paul-sartre/index.{html} /authors/jean-paul-sartre/
/books/the-descent-of-monsters/index.{html} /books/the-descent-of-monsters/
/authors/gene-wolfe/index.{html} /authors/gene-wolfe/
/books/home-remedies/index.{html} /books/home-remedies/
/private/digest/books-of-september-24/index.{html} /private/digest/books-of-september-24/
/publishers/harpercollins-uk/index.{html} /publishers/harpercollins-uk/
/authors/manda-collins/index.{html} /authors/manda-collins/
/books/lessons-from-cruising/index.{html} /books/lessons-from-cruising/
/authors/lao-tzu/index.{html} /authors/lao-tzu/
/notes/the-righting-reflex/index.{html} /notes/the-righting-reflex/
/books/one-hundred-years-of-solitude/index.{html} /books/one-hundred-years-of-solitude/
/books/pleasure-activism/index.{html} /books/pleasure-activism/
/books/the-internet-con/index.{html} /books/the-internet-con/
/books/the-right-to-maim/index.{html} /books/the-right-to-maim/
/books/wanted-a-gentleman/index.{html} /books/wanted-a-gentleman/
/notes/play-is-not-an-anomaly/index.{html} /notes/play-is-not-an-anomaly/
/authors/jorge-zepeda-patterson/index.{html} /authors/jorge-zepeda-patterson/
/books/grandmaster-of-demonic-cultivation-manhua-vol-1/index.{html} /books/grandmaster-of-demonic-cultivation-manhua-vol-1/
/books/a-sorceress-comes-to-call/index.{html} /books/a-sorceress-comes-to-call/
/publishers/cipher-press/index.{html} /publishers/cipher-press/
/publishers/st-martins-griffin/index.{html} /publishers/st-martins-griffin/
/authors/luo-di-cheng-qiu/index.{html} /authors/luo-di-cheng-qiu/
/authors/pema-chodron/index.{html} /authors/pema-chodron/
/notes/cql-meme-post-i/index.{html} /notes/cql-meme-post-i/
/publishers/pushkin-press/index.{html} /publishers/pushkin-press/
/publishers/rebellion-publishing/index.{html} /publishers/rebellion-publishing/
/series/the-singing-hills-cycle/index.{html} /series/the-singing-hills-cycle/
/authors/reza-aslan/index.{html} /authors/reza-aslan/
/books/racing-to-you/index.{html} /books/racing-to-you/
/notes/puzzle-book-worldbuilding/index.{html} /notes/puzzle-book-worldbuilding/
/notes/to-dominate-is-to-destroy/index.{html} /notes/to-dominate-is-to-destroy/
/publishers/st-martins-paperbacks/index.{html} /publishers/st-martins-paperbacks/
/publishers/yale-university-press/index.{html} /publishers/yale-university-press/
/authors/david-cromwell/index.{html} /authors/david-cromwell/
/books/the-power-of-now/index.{html} /books/the-power-of-now/
/authors/eb-asher/index.{html} /authors/eb-asher/
/books/slaughterhouse-five/index.{html} /books/slaughterhouse-five/
/books/a-history-of-gay-literature/index.{html} /books/a-history-of-gay-literature/
/books/call-me-by-my-true-names/index.{html} /books/call-me-by-my-true-names/
/books/dirty-wars/index.{html} /books/dirty-wars/
/books/what-are-you-afraid-of/index.{html} /books/what-are-you-afraid-of/
/publishers/self-published/index.{html} /publishers/self-published/
/authors/nina-cheng/index.{html} /authors/nina-cheng/
/books/a-governesss-guide-to-passion-and-peril/index.{html} /books/a-governesss-guide-to-passion-and-peril/
/notes/debility-is-the-denial-of-disability-rights-altogether/index.{html} /notes/debility-is-the-denial-of-disability-rights-altogether/
/authors/ilan-pappe/index.{html} /authors/ilan-pappe/
/books/the-twice-drowned-saint/index.{html} /books/the-twice-drowned-saint/
/authors/chuck-tingle/index.{html} /authors/chuck-tingle/
/books/the-palestine-laboratory/index.{html} /books/the-palestine-laboratory/
/notes/the-trust-checklist/index.{html} /notes/the-trust-checklist/
/authors/pyotr-kropotkin/index.{html} /authors/pyotr-kropotkin/
/authors/qing-jun-mo-xiao/index.{html} /authors/qing-jun-mo-xiao/
/books/diving-into-the-wreck/index.{html} /books/diving-into-the-wreck/
/books/how-to-fall-for-a-scoundrel/index.{html} /books/how-to-fall-for-a-scoundrel/
/books/the-empress-of-salt-and-fortune/index.{html} /books/the-empress-of-salt-and-fortune/
/authors/ursula-k-le-guin/index.{html} /authors/ursula-k-le-guin/
/books/a-ladys-guide-to-scandal/index.{html} /books/a-ladys-guide-to-scandal/
/books/lesley-castle/index.{html} /books/lesley-castle/
/books/rosaline-palmer-takes-the-cake/index.{html} /books/rosaline-palmer-takes-the-cake/
/publishers/basic-books/index.{html} /publishers/basic-books/
/publishers/sourcebooks/index.{html} /publishers/sourcebooks/
/authors/alix-e-harrow/index.{html} /authors/alix-e-harrow/
/authors/david-m-carroll/index.{html} /authors/david-m-carroll/
/publishers/mcsweeneys/index.{html} /publishers/mcsweeneys/
/authors/tracy-rosenthal/index.{html} /authors/tracy-rosenthal/
/publishers/macmillan/index.{html} /publishers/macmillan/
/books/mansfield-park/index.{html} /books/mansfield-park/
/books/the-red-threads-of-fortune/index.{html} /books/the-red-threads-of-fortune/
/notes/english-poor-laws/index.{html} /notes/english-poor-laws/
/notes/our-sense-of-the-erotic-is-more-plastic-than-we-think/index.{html} /notes/our-sense-of-the-erotic-is-more-plastic-than-we-think/
/authors/ang%C3%A9lica-gorodischer/index.{html} /authors/ang%C3%A9lica-gorodischer/
/books/how-to-talk-about-books-you-havent-read/index.{html} /books/how-to-talk-about-books-you-havent-read/
/notes/at-every-level-we-are-a-web-of-interdependencies/index.{html} /notes/at-every-level-we-are-a-web-of-interdependencies/
/notes/it-happens-when-its-time/index.{html} /notes/it-happens-when-its-time/
/books/the-second-safest-mountain/index.{html} /books/the-second-safest-mountain/
/books/three-kings/index.{html} /books/three-kings/
/books/on-the-fox-roads/index.{html} /books/on-the-fox-roads/
/books/thornhedge/index.{html} /books/thornhedge/
/publishers/rocky-ridge-books/index.{html} /publishers/rocky-ridge-books/
/authors/david-graeber/index.{html} /authors/david-graeber/
/books/grandmaster-of-demonic-cultivation-manhua-vol-5/index.{html} /books/grandmaster-of-demonic-cultivation-manhua-vol-5/
/notes/censorship-does-not-make-the-ideas-we-disagree-with-go-away/index.{html} /notes/censorship-does-not-make-the-ideas-we-disagree-with-go-away/
/notes/compersion/index.{html} /notes/compersion/
/notes/dont-pledge-allegiance-to-any-one-ideology/index.{html} /notes/dont-pledge-allegiance-to-any-one-ideology/
/authors/neon-yang/index.{html} /authors/neon-yang/
/authors/nick-estes/index.{html} /authors/nick-estes/
/books/the-hidden-life-of-trees/index.{html} /books/the-hidden-life-of-trees/
/series/doomsday-books/index.{html} /series/doomsday-books/
/private/digest/books-of-june-24/index.{html} /private/digest/books-of-june-24/
/authors/david-edwards/index.{html} /authors/david-edwards/
/authors/lex-croucher/index.{html} /authors/lex-croucher/
/publishers/houghton-mifflin-harcourt/index.{html} /publishers/houghton-mifflin-harcourt/
/authors/maureen-mchugh/index.{html} /authors/maureen-mchugh/
/books/how-to-bang-a-billionaire/index.{html} /books/how-to-bang-a-billionaire/
/books/octavias-brood/index.{html} /books/octavias-brood/
/books/someone-you-can-build-a-nest-in/index.{html} /books/someone-you-can-build-a-nest-in/
/books/starling-house/index.{html} /books/starling-house/
/notes/cooperation-is-a-form-of-pleasure-and-play/index.{html} /notes/cooperation-is-a-form-of-pleasure-and-play/
/notes/forests-disprove-survival-of-the-fittest/index.{html} /notes/forests-disprove-survival-of-the-fittest/
/notes/the-earth-grows-people/index.{html} /notes/the-earth-grows-people/
/authors/colleen-long/index.{html} /authors/colleen-long/
/books/carmilla/index.{html} /books/carmilla/
/notes/the-three-stages-of-gaslighting/index.{html} /notes/the-three-stages-of-gaslighting/
/shelves/crafty-bastards//index.{html} /shelves/crafty-bastards//
/books/unreal-sex/index.{html} /books/unreal-sex/
/authors/eckhart-tolle/index.{html} /authors/eckhart-tolle/
/authors/vajra-chandrasekera/index.{html} /authors/vajra-chandrasekera/
/books/paradiso/index.{html} /books/paradiso/
/authors/m%C3%B2-xi%C4%81ng-t%C3%B3ng-xi%C3%B9/index.{html} /authors/m%C3%B2-xi%C4%81ng-t%C3%B3ng-xi%C3%B9/
/notes/all-relationships-involve-power/index.{html} /notes/all-relationships-involve-power/
/books/several-short-sentences-about-writing/index.{html} /books/several-short-sentences-about-writing/
/series/the-book-of-the-new-sun/index.{html} /series/the-book-of-the-new-sun/
/books/because-internet/index.{html} /books/because-internet/
/books/delilah-green-doesnt-care/index.{html} /books/delilah-green-doesnt-care/
/books/pantheologies/index.{html} /books/pantheologies/
/books/the-utopia-of-rules/index.{html} /books/the-utopia-of-rules/
/books/to-the-lighthouse/index.{html} /books/to-the-lighthouse/
/notes/diversity-provides-stability/index.{html} /notes/diversity-provides-stability/
/books/camp-damascus/index.{html} /books/camp-damascus/
/books/forest-of-noise/index.{html} /books/forest-of-noise/
/authors/mark-d-jordan/index.{html} /authors/mark-d-jordan/
/authors/kate-young/index.{html} /authors/kate-young/
/books/the-flowering-wand/index.{html} /books/the-flowering-wand/
/publishers/haymarket-books/index.{html} /publishers/haymarket-books/
/notes/be-like-a-cat-and-let-go-of-yourself/index.{html} /notes/be-like-a-cat-and-let-go-of-yourself/
/notes/enshittification/index.{html} /notes/enshittification/
/notes/moral-panics-and-mass-hysteria/index.{html} /notes/moral-panics-and-mass-hysteria/
/publishers/tyndale-house-publishers/index.{html} /publishers/tyndale-house-publishers/
/authors/justinian-huang/index.{html} /authors/justinian-huang/
/books/exodus-20/index.{html} /books/exodus-20/
/books/come-out-come-out/index.{html} /books/come-out-come-out/
/books/interesting-facts-about-space/index.{html} /books/interesting-facts-about-space/
/shelves/cptsd//index.{html} /shelves/cptsd//
/authors/guido-ruggiero/index.{html} /authors/guido-ruggiero/
/authors/kurano/index.{html} /authors/kurano/
/books/tao-te-ching-a-new-english-version/index.{html} /books/tao-te-ching-a-new-english-version/
/authors/gina-rippon/index.{html} /authors/gina-rippon/
/books/annals-of-the-former-world/index.{html} /books/annals-of-the-former-world/
/series/society-of-gentlemen/index.{html} /series/society-of-gentlemen/
/authors/francis-mark-mondimore/index.{html} /authors/francis-mark-mondimore/
/notes/disgust-is-a-culture-bound-syndrome/index.{html} /notes/disgust-is-a-culture-bound-syndrome/
/books/notes-from-the-edge-of-the-narrative-matrix/index.{html} /books/notes-from-the-edge-of-the-narrative-matrix/
/books/we-the-gathered-heat/index.{html} /books/we-the-gathered-heat/
/authors/erica-ridley/index.{html} /authors/erica-ridley/
/authors/olivier-haralambon/index.{html} /authors/olivier-haralambon/
/books/following-the-water/index.{html} /books/following-the-water/
/books/parable-of-the-talents/index.{html} /books/parable-of-the-talents/
/books/the-road-to-san-giovanni/index.{html} /books/the-road-to-san-giovanni/
/publishers/kobo-originals/index.{html} /publishers/kobo-originals/
/authors/arthur-schopenhauer/index.{html} /authors/arthur-schopenhauer/
/authors/nicola-griffith/index.{html} /authors/nicola-griffith/
/notes/individuality-is-inseparable-from-community/index.{html} /notes/individuality-is-inseparable-from-community/
/notes/is-fear-of-groupthink-another-pursuit-of-purity/index.{html} /notes/is-fear-of-groupthink-another-pursuit-of-purity/
/authors/jamell-white/index.{html} /authors/jamell-white/
/authors/tim-krabb%C3%A9/index.{html} /authors/tim-krabb%C3%A9/
/books/late-bloomer/index.{html} /books/late-bloomer/
/books/lunar-new-year-love-story/index.{html} /books/lunar-new-year-love-story/
/notes/animism-is-a-dynamic-relational-structure/index.{html} /notes/animism-is-a-dynamic-relational-structure/
/notes/fanfiction-is-literature/index.{html} /notes/fanfiction-is-literature/
/authors/em-forster/index.{html} /authors/em-forster/
/books/compulsory-heterosexuality-and-lesbian-existence/index.{html} /books/compulsory-heterosexuality-and-lesbian-existence/
/books/origin-story/index.{html} /books/origin-story/
/notes/all-of-us-are-embedded-in-our-own-safe-reality/index.{html} /notes/all-of-us-are-embedded-in-our-own-safe-reality/
/authors/dante-alighieri/index.{html} /authors/dante-alighieri/
/authors/kyla-wazana-tompkins/index.{html} /authors/kyla-wazana-tompkins/
/authors/katherine-may/index.{html} /authors/katherine-may/
/notes/common-enemy-intimacy/index.{html} /notes/common-enemy-intimacy/
/notes/how-to-detect-manipulation/index.{html} /notes/how-to-detect-manipulation/
/notes/the-human-mind-mistakes-its-opinions-for-truth/index.{html} /notes/the-human-mind-mistakes-its-opinions-for-truth/
/authors/caitlin-johnstone/index.{html} /authors/caitlin-johnstone/
/authors/jane-austen/index.{html} /authors/jane-austen/
/notes/buddhist-concept-of-near-enemies/index.{html} /notes/buddhist-concept-of-near-enemies/
/publishers/atria-books/index.{html} /publishers/atria-books/
/series/terra-ignota/index.{html} /series/terra-ignota/
/books/entangled-life/index.{html} /books/entangled-life/
/books/subtle-blood/index.{html} /books/subtle-blood/
/books/persuasion/index.{html} /books/persuasion/
/series/beneath-the-rising/index.{html} /series/beneath-the-rising/
/authors/bren%C3%A9-brown/index.{html} /authors/bren%C3%A9-brown/
/authors/donna-haraway/index.{html} /authors/donna-haraway/
/books/sensoria/index.{html} /books/sensoria/
/authors/jesse-bering/index.{html} /authors/jesse-bering/
/books/gilded-cage/index.{html} /books/gilded-cage/
/books/the-prince/index.{html} /books/the-prince/
/notes/apophatic-naming/index.{html} /notes/apophatic-naming/
/authors/niccolo-machiavelli/index.{html} /authors/niccolo-machiavelli/
/authors/roger-mello/index.{html} /authors/roger-mello/
/books/pirate-enlightenment-or-the-real-libertalia/index.{html} /books/pirate-enlightenment-or-the-real-libertalia/
/authors/etaf-rum/index.{html} /authors/etaf-rum/
/books/emma/index.{html} /books/emma/
/books/symbiotic-planet/index.{html} /books/symbiotic-planet/
/notes/bibliotropic/index.{html} /notes/bibliotropic/
/notes/the-importance-of-anger/index.{html} /notes/the-importance-of-anger/
/publishers/jessica-kingsley-publishers/index.{html} /publishers/jessica-kingsley-publishers/
/authors/wade-mullen/index.{html} /authors/wade-mullen/
/books/kalpa-imperial/index.{html} /books/kalpa-imperial/
/publishers/souvenir-press/index.{html} /publishers/souvenir-press/
/shelves/arthurian//index.{html} /shelves/arthurian//
/authors/kj-charles/index.{html} /authors/kj-charles/
/books/the-good-life/index.{html} /books/the-good-life/
/authors/xuan-juliana-wang/index.{html} /authors/xuan-juliana-wang/
/books/mammoths-at-the-gates/index.{html} /books/mammoths-at-the-gates/
/books/sword-citadel/index.{html} /books/sword-citadel/
/authors/gene-luen-yang/index.{html} /authors/gene-luen-yang/
/authors/noura-erakat/index.{html} /authors/noura-erakat/
/books/ficciones/index.{html} /books/ficciones/
/books/orlando-furioso-a-new-verse-translation/index.{html} /books/orlando-furioso-a-new-verse-translation/
/books/woke/index.{html} /books/woke/
/notes/cognitive-biases-dont-prove-were-bad-at-thinking/index.{html} /notes/cognitive-biases-dont-prove-were-bad-at-thinking/
/authors/jeremy-scahill/index.{html} /authors/jeremy-scahill/
/authors/robin-lovett/index.{html} /authors/robin-lovett/
/books/the-unreal-and-the-real/index.{html} /books/the-unreal-and-the-real/
/notes/institutional-betrayal/index.{html} /notes/institutional-betrayal/
/publishers/carina-press/index.{html} /publishers/carina-press/
/books/how-to-blow-it-with-a-billionaire/index.{html} /books/how-to-blow-it-with-a-billionaire/
/books/the-sorcerer-of-the-wildeeps/index.{html} /books/the-sorcerer-of-the-wildeeps/
/publishers/onlywomen-press/index.{html} /publishers/onlywomen-press/
/series/sins-of-the-cities/index.{html} /series/sins-of-the-cities/
/series/the-locked-tomb/index.{html} /series/the-locked-tomb/
/authors/sherronda-j-brown/index.{html} /authors/sherronda-j-brown/
/books/cloud-hidden-whereabouts-unknown/index.{html} /books/cloud-hidden-whereabouts-unknown/
/books/the-magic-fish/index.{html} /books/the-magic-fish/
/notes/trust-is-a-very-simple-thing/index.{html} /notes/trust-is-a-very-simple-thing/
/authors/sayaka-murata/index.{html} /authors/sayaka-murata/
/books/chasing-the-light/index.{html} /books/chasing-the-light/
/books/grandmaster-of-demonic-cultivation-manhua-vol-3/index.{html} /books/grandmaster-of-demonic-cultivation-manhua-vol-3/
/books/jane-austen-the-secret-radical/index.{html} /books/jane-austen-the-secret-radical/
/notes/people-arent-stupid/index.{html} /notes/people-arent-stupid/
/authors//index.{html} /authors//
/authors/sophie-irwin/index.{html} /authors/sophie-irwin/
/books/pride-and-prejudice/index.{html} /books/pride-and-prejudice/
/books/the-price-of-meat/index.{html} /books/the-price-of-meat/
/notes/its-useless-work-that-darkens-the-heart/index.{html} /notes/its-useless-work-that-darkens-the-heart/
/notes/who-is-more-deserving/index.{html} /notes/who-is-more-deserving/
/tags/belief-systems//index.{html} /tags/belief-systems//
/authors/joseph-sheridan-le-fanu/index.{html} /authors/joseph-sheridan-le-fanu/
/books/braiding-sweetgrass/index.{html} /books/braiding-sweetgrass/
/books/when-things-fall-apart/index.{html} /books/when-things-fall-apart/
/notes/manifest-destiny/index.{html} /notes/manifest-destiny/
/authors/carlo-rovelli/index.{html} /authors/carlo-rovelli/
/books/nettle-and-bone/index.{html} /books/nettle-and-bone/
/publishers/tor-books/index.{html} /publishers/tor-books/
/authors/george-lakoff/index.{html} /authors/george-lakoff/
/notes/everything-is-fiction/index.{html} /notes/everything-is-fiction/
/publishers/dial-press/index.{html} /publishers/dial-press/
/series/earthseed/index.{html} /series/earthseed/
/books/sanditon-and-other-stories/index.{html} /books/sanditon-and-other-stories/
/notes/endurance/index.{html} /notes/endurance/
/authors/julia-cejas/index.{html} /authors/julia-cejas/
/notes/the-boundary-is-a-meeting-place/index.{html} /notes/the-boundary-is-a-meeting-place/
/notes/self-censorship-is-primarily-state-censorship/index.{html} /notes/self-censorship-is-primarily-state-censorship/
/publishers/beacon-press/index.{html} /publishers/beacon-press/
/publishers/bloomsbury-publishing/index.{html} /publishers/bloomsbury-publishing/
/series/hainish-cycle/index.{html} /series/hainish-cycle/
/series/world-of-the-five-gods/index.{html} /series/world-of-the-five-gods/
/authors/cse-cooney/index.{html} /authors/cse-cooney/
/books/a-wizard-of-earthsea/index.{html} /books/a-wizard-of-earthsea/
/books/seven-surrenders/index.{html} /books/seven-surrenders/
/notes/think-in-ecosystems-not-systems/index.{html} /notes/think-in-ecosystems-not-systems/
/books/emergent-strategy/index.{html} /books/emergent-strategy/
/books/glitterland/index.{html} /books/glitterland/
/publishers/university-of-chicago-press/index.{html} /publishers/university-of-chicago-press/
/books/evil-eye/index.{html} /books/evil-eye/
/books/nona-the-ninth/index.{html} /books/nona-the-ninth/
/authors/martin-goodman/index.{html} /authors/martin-goodman/
/notes/memes-and-social-movements/index.{html} /notes/memes-and-social-movements/
/authors/beatrice-adler-bolton/index.{html} /authors/beatrice-adler-bolton/
/authors/colleen-coover/index.{html} /authors/colleen-coover/
/authors/william-blake/index.{html} /authors/william-blake/
/notes/abuse-is-best-recognized-by-the-effect-it-has-on-the-abused/index.{html} /notes/abuse-is-best-recognized-by-the-effect-it-has-on-the-abused/
/books/the-palace-of-eros/index.{html} /books/the-palace-of-eros/
/books/a-vindication-of-the-rights-of-woman/index.{html} /books/a-vindication-of-the-rights-of-woman/
/notes/the-carrier-bag-theory-of-fiction/index.{html} /notes/the-carrier-bag-theory-of-fiction/
/publishers/random-house/index.{html} /publishers/random-house/
/authors/jendi-reiter/index.{html} /authors/jendi-reiter/
/books/a-room-with-a-view/index.{html} /books/a-room-with-a-view/
/notes/theology-of-capitalism/index.{html} /notes/theology-of-capitalism/
/authors/giovanni-boccaccio/index.{html} /authors/giovanni-boccaccio/
/books/something-fabulous/index.{html} /books/something-fabulous/
/notes/purity-and-supremacy-go-hand-in-hand/index.{html} /notes/purity-and-supremacy-go-hand-in-hand/
/series/mortal-follies/index.{html} /series/mortal-follies/
/books/northanger-abbey/index.{html} /books/northanger-abbey/
/notes/moral-dumbfounding-is-not-moral-reasoning/index.{html} /notes/moral-dumbfounding-is-not-moral-reasoning/
/books/clockwork-boys/index.{html} /books/clockwork-boys/
/series/the-saint-of-steel/index.{html} /series/the-saint-of-steel/
/publishers/everymans-library/index.{html} /publishers/everymans-library/
/publishers/penguin-uk/index.{html} /publishers/penguin-uk/
/series/the-sorcerer-of-the-wildeeps/index.{html} /series/the-sorcerer-of-the-wildeeps/
/books/debt/index.{html} /books/debt/
/books/the-varieties-of-scientific-experience/index.{html} /books/the-varieties-of-scientific-experience/
/authors/so-mayer/index.{html} /authors/so-mayer/
/notes/nothing-is-all-good-or-all-bad-even-black-and-white-thinking/index.{html} /notes/nothing-is-all-good-or-all-bad-even-black-and-white-thinking/
/books/margos-got-money-troubles/index.{html} /books/margos-got-money-troubles/
/authors/james-baldwin/index.{html} /authors/james-baldwin/
/books/decameron/index.{html} /books/decameron/
/books/grandmaster-of-demonic-cultivation-manhua-vol-2/index.{html} /books/grandmaster-of-demonic-cultivation-manhua-vol-2/
/authors/ak-herman/index.{html} /authors/ak-herman/
/authors/christopher-ryan/index.{html} /authors/christopher-ryan/
/authors/jonathan-cook/index.{html} /authors/jonathan-cook/
/authors/leuyen-pham/index.{html} /authors/leuyen-pham/
/authors/sarah-manguso/index.{html} /authors/sarah-manguso/
/notes/human-behavior-is-too-complex-to-be-predictable/index.{html} /notes/human-behavior-is-too-complex-to-be-predictable/
/publishers/tor-essentials/index.{html} /publishers/tor-essentials/
/authors/adam-mastroianni/index.{html} /authors/adam-mastroianni/
/authors/gretchen-mcculloch/index.{html} /authors/gretchen-mcculloch/
/notes/play-gives-meaning-to-life/index.{html} /notes/play-gives-meaning-to-life/
/publishers/pm-press/index.{html} /publishers/pm-press/
/authors/kurt-vonnegut/index.{html} /authors/kurt-vonnegut/
/books/liberty-and-other-stories/index.{html} /books/liberty-and-other-stories/
/books/small-favors/index.{html} /books/small-favors/
/publishers/hesperus-press/index.{html} /publishers/hesperus-press/
/notes/we-are-collaborative-compound-organisms/index.{html} /notes/we-are-collaborative-compound-organisms/
/publishers/north-atlantic-books/index.{html} /publishers/north-atlantic-books/
/authors/rutger-bregman/index.{html} /authors/rutger-bregman/
/notes/the-radical-idea-that-people-arent-stupid/index.{html} /notes/the-radical-idea-that-people-arent-stupid/
/books/hot-earl-summer/index.{html} /books/hot-earl-summer/
/notes/crypsis/index.{html} /notes/crypsis/
/authors/audre-lorde/index.{html} /authors/audre-lorde/
/authors/emily-harding/index.{html} /authors/emily-harding/
/books/experienced/index.{html} /books/experienced/
/publishers/riptide-publishing/index.{html} /publishers/riptide-publishing/
/authors/edward-herman/index.{html} /authors/edward-herman/
/authors/oliver-stone/index.{html} /authors/oliver-stone/
/books/slippery-creatures/index.{html} /books/slippery-creatures/
/publishers/kodansha-usa/index.{html} /publishers/kodansha-usa/
/series/will-darling-adventures/index.{html} /series/will-darling-adventures/
/authors/franny-choi/index.{html} /authors/franny-choi/
/books/cash-delgado-is-living-the-dream/index.{html} /books/cash-delgado-is-living-the-dream/
/books/when-the-tiger-came-down-the-mountain/index.{html} /books/when-the-tiger-came-down-the-mountain/
/publishers/tachyon-publications/index.{html} /publishers/tachyon-publications/
/books/jesus-apocalyptic-prophet-of-the-new-millennium/index.{html} /books/jesus-apocalyptic-prophet-of-the-new-millennium/
/books/the-sugared-game/index.{html} /books/the-sugared-game/
/books/you-made-a-fool-of-death-with-your-beauty/index.{html} /books/you-made-a-fool-of-death-with-your-beauty/
/books/the-lathe-of-heaven/index.{html} /books/the-lathe-of-heaven/
/books/this-will-be-fun/index.{html} /books/this-will-be-fun/
/authors/abi-maxwell/index.{html} /authors/abi-maxwell/
/authors/michael-andre-driussi/index.{html} /authors/michael-andre-driussi/
/notes/taoism/index.{html} /notes/taoism/
/notes/any-human-power-can-be-changed-by-human-beings/index.{html} /notes/any-human-power-can-be-changed-by-human-beings/
/notes/linguistic-play-as-a-writing-exercise/index.{html} /notes/linguistic-play-as-a-writing-exercise/
/notes/cql-meme-post-iii/index.{html} /notes/cql-meme-post-iii/
/authors/theodore-c-van-alst-jr/index.{html} /authors/theodore-c-van-alst-jr/
/books/the-word-for-world-is-forest/index.{html} /books/the-word-for-world-is-forest/
/books/10-things-that-never-happened/index.{html} /books/10-things-that-never-happened/
/books/orlando/index.{html} /books/orlando/
/notes/phatic-phrases/index.{html} /notes/phatic-phrases/
/books/conversion/index.{html} /books/conversion/
/books/gwen-and-art-are-not-in-love/index.{html} /books/gwen-and-art-are-not-in-love/
/books/heaven-officials-blessing-vol-1/index.{html} /books/heaven-officials-blessing-vol-1/
/books/the-love-remedy/index.{html} /books/the-love-remedy/
/books/what-makes-this-book-so-great/index.{html} /books/what-makes-this-book-so-great/
/publishers/harlequin/index.{html} /publishers/harlequin/
/authors/meg-jones-wall/index.{html} /authors/meg-jones-wall/
/authors/rae-garringer/index.{html} /authors/rae-garringer/
/series/prosperityverse/index.{html} /series/prosperityverse/
/notes/vorfreude/index.{html} /notes/vorfreude/
/publishers/avon-books/index.{html} /publishers/avon-books/
/authors/carl-sagan/index.{html} /authors/carl-sagan/
/books/radical-love/index.{html} /books/radical-love/
/series/sworn-soldier/index.{html} /series/sworn-soldier/
/authors/nghi-vo/index.{html} /authors/nghi-vo/
/books/fire-and-water/index.{html} /books/fire-and-water/
/authors/peter-wohlleben/index.{html} /authors/peter-wohlleben/
/books/what-my-bones-know/index.{html} /books/what-my-bones-know/
/notes/how-to-beat-a-manipulator/index.{html} /notes/how-to-beat-a-manipulator/
/notes/we-exist-only-in-relationship-to-others/index.{html} /notes/we-exist-only-in-relationship-to-others/
/authors/charles-eisenstein/index.{html} /authors/charles-eisenstein/
/authors/johannes-t-evans/index.{html} /authors/johannes-t-evans/
/series/clocktaur-wars/index.{html} /series/clocktaur-wars/
/books/the-serviceberry/index.{html} /books/the-serviceberry/
/notes/pleasure-can-be-therapeutic/index.{html} /notes/pleasure-can-be-therapeutic/
/books/kink/index.{html} /books/kink/
/books/paladins-grace/index.{html} /books/paladins-grace/
/books/the-common-reader/index.{html} /books/the-common-reader/
/notes/language-is-a-network/index.{html} /notes/language-is-a-network/
/authors/anton-fulmen/index.{html} /authors/anton-fulmen/
/authors/mary-wollstonecraft/index.{html} /authors/mary-wollstonecraft/
/publishers/saddle-road-press/index.{html} /publishers/saddle-road-press/
/notes/cql-meme-post-ii/index.{html} /notes/cql-meme-post-ii/
/publishers/ramparts-magazine/index.{html} /publishers/ramparts-magazine/
/books/from-the-river-to-the-sea/index.{html} /books/from-the-river-to-the-sea/
/books/fuck-the-police-means-we-dont-act-like-cops-to-each-other/index.{html} /books/fuck-the-police-means-we-dont-act-like-cops-to-each-other/
/books/the-rat-catchers-daughter/index.{html} /books/the-rat-catchers-daughter/
/books/unfit-to-print/index.{html} /books/unfit-to-print/
/books/band-sinister/index.{html} /books/band-sinister/
/books/for-real/index.{html} /books/for-real/
/notes/nature-is-emergent-and-adaptive/index.{html} /notes/nature-is-emergent-and-adaptive/
/publishers/crossing-press/index.{html} /publishers/crossing-press/
/authors/sarah-wayland/index.{html} /authors/sarah-wayland/
/authors/terisa-siagatonu/index.{html} /authors/terisa-siagatonu/
/books/ill-miss-myself/index.{html} /books/ill-miss-myself/
/books/reality-is-not-what-it-seems/index.{html} /books/reality-is-not-what-it-seems/
/notes/its-difficult-to-control-something-that-wiggles/index.{html} /notes/its-difficult-to-control-something-that-wiggles/
/notes/modern-science-often-repackages-medieval-categories/index.{html} /notes/modern-science-often-repackages-medieval-categories/
/authors/alison-cochrun/index.{html} /authors/alison-cochrun/
/authors/gordon-merrick/index.{html} /authors/gordon-merrick/
/notes/the-capitalist-notion-of-well-being/index.{html} /notes/the-capitalist-notion-of-well-being/
/publishers/harvard-university-press/index.{html} /publishers/harvard-university-press/
/books/fledgling/index.{html} /books/fledgling/
/authors/elizabeth-mavor/index.{html} /authors/elizabeth-mavor/
/authors/jean-jacques-rousseau/index.{html} /authors/jean-jacques-rousseau/
/books/looking-for-group/index.{html} /books/looking-for-group/
/books/manufacturing-consent/index.{html} /books/manufacturing-consent/
/authors/artie-vierkant/index.{html} /authors/artie-vierkant/
/authors/cory-doctorow/index.{html} /authors/cory-doctorow/
/books/humankind/index.{html} /books/humankind/
/notes/on-firearms-trust-and-historical-accuracy/index.{html} /notes/on-firearms-trust-and-historical-accuracy/
/notes/thinking-about-symbiosis-is-itself-a-symbiotic-phenomenon/index.{html} /notes/thinking-about-symbiosis-is-itself-a-symbiotic-phenomenon/
/publishers/jhu-press/index.{html} /publishers/jhu-press/
/publishers/penguin-putnam/index.{html} /publishers/penguin-putnam/
/books/a-restless-truth/index.{html} /books/a-restless-truth/
/books/a-seditious-affair/index.{html} /books/a-seditious-affair/
/books/any-old-diamonds/index.{html} /books/any-old-diamonds/
/books/the-hallowed-hunt/index.{html} /books/the-hallowed-hunt/
/notes/self-organizing-systems-of-vast-complexity-are-the-way-of-the-world/index.{html} /notes/self-organizing-systems-of-vast-complexity-are-the-way-of-the-world/
/notes/thinking-people-are-stupid-is-the-gateway-drug-to-worse-ideas/index.{html} /notes/thinking-people-are-stupid-is-the-gateway-drug-to-worse-ideas/
/notes/weve-had-the-right-to-adapt-longer-than-weve-had-the-right-to-prevent-copying/index.{html} /notes/weve-had-the-right-to-adapt-longer-than-weve-had-the-right-to-prevent-copying/
/authors/bao-phi/index.{html} /authors/bao-phi/
/authors/sophie-strand/index.{html} /authors/sophie-strand/
/authors/merlin-sheldrake/index.{html} /authors/merlin-sheldrake/
/books/a-power-unbound/index.{html} /books/a-power-unbound/
/books/frankenstein/index.{html} /books/frankenstein/
/books/soil-soul-society/index.{html} /books/soil-soul-society/
/notes/dull-elves/index.{html} /notes/dull-elves/
/authors/alan-watts/index.{html} /authors/alan-watts/
/authors/kate-beaton/index.{html} /authors/kate-beaton/
/books/mother-night/index.{html} /books/mother-night/
/books/think-of-england/index.{html} /books/think-of-england/
/notes/playfulness-vs-epistemic-traps/index.{html} /notes/playfulness-vs-epistemic-traps/
/notes/the-external-world-is-as-much-you-as-your-own-body/index.{html} /notes/the-external-world-is-as-much-you-as-your-own-body/
/series/bright-falls/index.{html} /series/bright-falls/
/books/chokepoint-capitalism/index.{html} /books/chokepoint-capitalism/
/books/the-democracy-project/index.{html} /books/the-democracy-project/
/authors/ludovico-ariosto/index.{html} /authors/ludovico-ariosto/
/books/prosperity/index.{html} /books/prosperity/
/books/spear/index.{html} /books/spear/
/books/the-found-and-the-lost/index.{html} /books/the-found-and-the-lost/
/books/the-philosophy-of-social-ecology/index.{html} /books/the-philosophy-of-social-ecology/
/notes/fascism-cant-survive-long-term/index.{html} /notes/fascism-cant-survive-long-term/
/authors/gabriel-garcia-marquez/index.{html} /authors/gabriel-garcia-marquez/
/authors/john-mcphee/index.{html} /authors/john-mcphee/
/books/if-on-a-winters-night-a-traveler/index.{html} /books/if-on-a-winters-night-a-traveler/
/tags/mdzs//index.{html} /tags/mdzs//
/publishers/weiser-books/index.{html} /publishers/weiser-books/
/authors/carl-jung/index.{html} /authors/carl-jung/
/books/the-castle-of-crossed-destinies/index.{html} /books/the-castle-of-crossed-destinies/
/books/bullshit-jobs/index.{html} /books/bullshit-jobs/
/books/leviathan/index.{html} /books/leviathan/
/books/parable-of-the-sower/index.{html} /books/parable-of-the-sower/
/books/waiting-for-the-flood/index.{html} /books/waiting-for-the-flood/
/notes/confusion-is-a-crucible/index.{html} /notes/confusion-is-a-crucible/
/publishers/limerence-press/index.{html} /publishers/limerence-press/
/books/a-lady-for-a-duke/index.{html} /books/a-lady-for-a-duke/
/books/a-room-of-ones-own/index.{html} /books/a-room-of-ones-own/
/notes/the-concept-of-lila-and-cosmic-playfulness/index.{html} /notes/the-concept-of-lila-and-cosmic-playfulness/
/notes/we-are-wiggles/index.{html} /notes/we-are-wiggles/
/publishers/doubleday-uk/index.{html} /publishers/doubleday-uk/
/publishers/seven-seas-entertainment/index.{html} /publishers/seven-seas-entertainment/
/authors/amalie-howard/index.{html} /authors/amalie-howard/
/books/shadows-and-dreams/index.{html} /books/shadows-and-dreams/
/notes/rhizomatic-thinking-is-non-hierarchal-and-relational/index.{html} /notes/rhizomatic-thinking-is-non-hierarchal-and-relational/
/authors/sai-englert/index.{html} /authors/sai-englert/
/books/propaganda-blitz/index.{html} /books/propaganda-blitz/
/books/our-history-is-the-future/index.{html} /books/our-history-is-the-future/
/books/six-memos-for-the-next-millennium/index.{html} /books/six-memos-for-the-next-millennium/
/notes/the-holistic-definition-of-trauma/index.{html} /notes/the-holistic-definition-of-trauma/
/books/god-bless-you-mr-rosewater/index.{html} /books/god-bless-you-mr-rosewater/
/books/kushiels-dart/index.{html} /books/kushiels-dart/
/books/grandmaster-of-demonic-cultivation-vol-3/index.{html} /books/grandmaster-of-demonic-cultivation-vol-3/
/books/somethings-not-right/index.{html} /books/somethings-not-right/
/publishers/harpercollins/index.{html} /publishers/harpercollins/
/publishers/penguin/index.{html} /publishers/penguin/
/authors/alexandra-vasti/index.{html} /authors/alexandra-vasti/
/books/grandmaster-of-demonic-cultivation-vol-2/index.{html} /books/grandmaster-of-demonic-cultivation-vol-2/
/books/the-ruin-of-gabriel-ashleigh/index.{html} /books/the-ruin-of-gabriel-ashleigh/
/authors/adrienne-rich/index.{html} /authors/adrienne-rich/
/books/the-renaissance-in-italy/index.{html} /books/the-renaissance-in-italy/
/books/on-palestine/index.{html} /books/on-palestine/
/notes/the-three-lies-of-power/index.{html} /notes/the-three-lies-of-power/
/notes/we-are-both-a-wave-and-a-particle/index.{html} /notes/we-are-both-a-wave-and-a-particle/
/publishers/new-world-library/index.{html} /publishers/new-world-library/
/publishers/pluto-press/index.{html} /publishers/pluto-press/
/series/mo-dao-zu-shi-novel/index.{html} /series/mo-dao-zu-shi-novel/
/books/cats-cradle/index.{html} /books/cats-cradle/
/books/direct-action/index.{html} /books/direct-action/
/books/a-natural-history-of-homosexuality/index.{html} /books/a-natural-history-of-homosexuality/
/books/mutual-aid/index.{html} /books/mutual-aid/
/books/perv/index.{html} /books/perv/
/notes/no-organization-is-organic/index.{html} /notes/no-organization-is-organic/
/publishers/johns-hopkins-university-press/index.{html} /publishers/johns-hopkins-university-press/
/authors/helena-kelly/index.{html} /authors/helena-kelly/
/authors/trung-le-nguyen/index.{html} /authors/trung-le-nguyen/
/books/what-feasts-at-night/index.{html} /books/what-feasts-at-night/
/publishers/thames-hudson/index.{html} /publishers/thames-hudson/
/books/the-dominance-playbook/index.{html} /books/the-dominance-playbook/
/publishers/bold-type-books/index.{html} /publishers/bold-type-books/
/books/too-like-the-lightning/index.{html} /books/too-like-the-lightning/
/notes/glimmering/index.{html} /notes/glimmering/
/notes/social-media-is-the-third-place/index.{html} /notes/social-media-is-the-third-place/
/publishers/random-house-graphic/index.{html} /publishers/random-house-graphic/
/books/night-and-day/index.{html} /books/night-and-day/
/books/the-great-gatsby/index.{html} /books/the-great-gatsby/
/publishers/pantheon/index.{html} /publishers/pantheon/
/books/stillness-speaks/index.{html} /books/stillness-speaks/
/publishers/fair-winds-press/index.{html} /publishers/fair-winds-press/
/books/the-spring-before-obergefell/index.{html} /books/the-spring-before-obergefell/
/publishers/university-of-minnesota-press/index.{html} /publishers/university-of-minnesota-press/
/authors/bart-ehrman/index.{html} /authors/bart-ehrman/
/books/the-duchess-war/index.{html} /books/the-duchess-war/
/books/chinese-medicine-for-the-mind/index.{html} /books/chinese-medicine-for-the-mind/
/books/the-dawn-of-everything/index.{html} /books/the-dawn-of-everything/
/authors/susan-griffin/index.{html} /authors/susan-griffin/
/publishers/verso-books/index.{html} /publishers/verso-books/
/books/the-origins-of-totalitarianism/index.{html} /books/the-origins-of-totalitarianism/
/publishers/wednesday-books/index.{html} /publishers/wednesday-books/
/authors/stephen-mitchell/index.{html} /authors/stephen-mitchell/
/books/astrid-parker-doesnt-fail/index.{html} /books/astrid-parker-doesnt-fail/
/authors/ada-palmer/index.{html} /authors/ada-palmer/
/authors/murray-bookchin/index.{html} /authors/murray-bookchin/
/books/something-spectacular/index.{html} /books/something-spectacular/
/notes/since-its-all-narrative-anything-is-possible/index.{html} /notes/since-its-all-narrative-anything-is-possible/
/authors/natalie-c-parker/index.{html} /authors/natalie-c-parker/
/books/minor-mage/index.{html} /books/minor-mage/
/books/the-fox-wife/index.{html} /books/the-fox-wife/
/books/the-sirens-of-titan/index.{html} /books/the-sirens-of-titan/
/publishers/lanternfish-press/index.{html} /publishers/lanternfish-press/
/series/m%C3%B3-d%C3%A0o-z%C7%94-sh%C4%AB-manhua/index.{html} /series/m%C3%B3-d%C3%A0o-z%C7%94-sh%C4%AB-manhua/
/authors/john-wiswell/index.{html} /authors/john-wiswell/
/authors/lynn-margulis/index.{html} /authors/lynn-margulis/
/notes/seasonal-time/index.{html} /notes/seasonal-time/
/notes/the-internet-is-a-rhizome/index.{html} /notes/the-internet-is-a-rhizome/
/publishers/counterpoint/index.{html} /publishers/counterpoint/
/books/on-genocide/index.{html} /books/on-genocide/
/books/the-saint-of-bright-doors/index.{html} /books/the-saint-of-bright-doors/
/notes/multiple-intelligence-theory/index.{html} /notes/multiple-intelligence-theory/
/books/on-history/index.{html} /books/on-history/
/books/tarot-for-change/index.{html} /books/tarot-for-change/
/notes/the-only-thing-keeping-a-crown-on-a-kings-head-is-narrative/index.{html} /notes/the-only-thing-keeping-a-crown-on-a-kings-head-is-narrative/
/publishers/little-brown/index.{html} /publishers/little-brown/
/books/refusing-compulsory-sexuality/index.{html} /books/refusing-compulsory-sexuality/
/books/yellowface/index.{html} /books/yellowface/
/books/the-social-contract/index.{html} /books/the-social-contract/
/books/untypical/index.{html} /books/untypical/
/notes/how-do-draw-good/index.{html} /notes/how-do-draw-good/
/books/i-cross-dressed-for-the-irl-meetup/index.{html} /books/i-cross-dressed-for-the-irl-meetup/
/books/is-this-autism/index.{html} /books/is-this-autism/
/books/grandmaster-of-demonic-cultivation-vol-4/index.{html} /books/grandmaster-of-demonic-cultivation-vol-4/
/private/digest/books-of-october-24/index.{html} /private/digest/books-of-october-24/
/publishers/tate-publishing/index.{html} /publishers/tate-publishing/
/authors/marcus-aurelius/index.{html} /authors/marcus-aurelius/
/books/galapagos/index.{html} /books/galapagos/
/books/the-gentle-art-of-fortune-hunting/index.{html} /books/the-gentle-art-of-fortune-hunting/
/notes/we-are-the-process-of-the-universe/index.{html} /notes/we-are-the-process-of-the-universe/
/shelves/arthurian/index.{html} /shelves/arthurian/
/authors/emily-martin/index.{html} /authors/emily-martin/
/books/purgatorio/index.{html} /books/purgatorio/
/books/starlings/index.{html} /books/starlings/
/books/the-black-jersey/index.{html} /books/the-black-jersey/
/publishers/kjc-books/index.{html} /publishers/kjc-books/
/authors/quicunquevult-press/index.{html} /authors/quicunquevult-press/
/books/infamous/index.{html} /books/infamous/
/notes/naturalistic-fallacy/index.{html} /notes/naturalistic-fallacy/
/notes/nice-guy-fascism-is-still-fascism/index.{html} /notes/nice-guy-fascism-is-still-fascism/
/books/gothic-tales/index.{html} /books/gothic-tales/
/books/woman-and-nature/index.{html} /books/woman-and-nature/
/notes/emodiversity-is-a-sign-of-well-being/index.{html} /notes/emodiversity-is-a-sign-of-well-being/
/notes/the-principle-of-mutual-arising/index.{html} /notes/the-principle-of-mutual-arising/
/publishers/ak-press/index.{html} /publishers/ak-press/
/series/tensorate/index.{html} /series/tensorate/
/books/earl-crush/index.{html} /books/earl-crush/
/books/the-brides-of-high-hill/index.{html} /books/the-brides-of-high-hill/
/publishers/loveswept/index.{html} /publishers/loveswept/
/authors/thich-nhat-hanh/index.{html} /authors/thich-nhat-hanh/
/books/gideon-the-ninth/index.{html} /books/gideon-the-ninth/
/books/the-salt-grows-heavy/index.{html} /books/the-salt-grows-heavy/
/publishers/forever/index.{html} /publishers/forever/
/books/the-body-keeps-the-score/index.{html} /books/the-body-keeps-the-score/
/books/the-last-of-the-wine/index.{html} /books/the-last-of-the-wine/
/books/a-history-of-the-bible/index.{html} /books/a-history-of-the-bible/
/publishers/ar-phillips-press/index.{html} /publishers/ar-phillips-press/
/notes/everything-old-is-new-again/index.{html} /notes/everything-old-is-new-again/
/publishers/drawn-and-quarterly/index.{html} /publishers/drawn-and-quarterly/
/books/inventing-the-renaissance/index.{html} /books/inventing-the-renaissance/
/notes/concepts-of-time/index.{html} /notes/concepts-of-time/
/books/the-rider/index.{html} /books/the-rider/
/publishers/many-rivers-press/index.{html} /publishers/many-rivers-press/
/books/pet/index.{html} /books/pet/
/notes/our-greatest-responsibility-is-to-be-good-ancestors/index.{html} /notes/our-greatest-responsibility-is-to-be-good-ancestors/
/books/boyfriend-material/index.{html} /books/boyfriend-material/
/books/i-ching-the-oracle/index.{html} /books/i-ching-the-oracle/
/books/the-charioteer/index.{html} /books/the-charioteer/
/series/london-calling/index.{html} /series/london-calling/
/publishers/stanford-university-press/index.{html} /publishers/stanford-university-press/
/books/the-curse-of-chalion/index.{html} /books/the-curse-of-chalion/
/private/digest/books-of-july-24/index.{html} /private/digest/books-of-july-24/
/books/grandmaster-of-demonic-cultivation-manhua-vol-4/index.{html} /books/grandmaster-of-demonic-cultivation-manhua-vol-4/
/publishers/faber-faber/index.{html} /publishers/faber-faber/
/series/spires/index.{html} /series/spires/
/series/the-last-binding/index.{html} /series/the-last-binding/
/books/the-chosen-and-the-beautiful/index.{html} /books/the-chosen-and-the-beautiful/
/publishers/small-beer-press/index.{html} /publishers/small-beer-press/
/books/the-dragon-waiting/index.{html} /books/the-dragon-waiting/
/publishers/hogarth/index.{html} /publishers/hogarth/
/books/a-taste-of-honey/index.{html} /books/a-taste-of-honey/
/books/the-autobiography-of-benvenuto-cellini/index.{html} /books/the-autobiography-of-benvenuto-cellini/
/publishers/querencia-press/index.{html} /publishers/querencia-press/
/books/proper-english/index.{html} /books/proper-english/
/notes/the-art-of-not-reading-is-an-important-one/index.{html} /notes/the-art-of-not-reading-is-an-important-one/
/books/spokes/index.{html} /books/spokes/
/books/the-left-hand-of-darkness/index.{html} /books/the-left-hand-of-darkness/
/books/wintering/index.{html} /books/wintering/
/series/lilywhite-boys/index.{html} /series/lilywhite-boys/
/authors/f-scott-fitzgerald/index.{html} /authors/f-scott-fitzgerald/
/books/paladins-hope/index.{html} /books/paladins-hope/
/authors/tamsyn-muir/index.{html} /authors/tamsyn-muir/
/notes/both-memes-and-needlework-are-collective-folk-texts/index.{html} /notes/both-memes-and-needlework-are-collective-folk-texts/
/notes/vocateur/index.{html} /notes/vocateur/
/notes/we-are-making-ourselves-up-as-we-go/index.{html} /notes/we-are-making-ourselves-up-as-we-go/
/publishers/del-rey/index.{html} /publishers/del-rey/
/series/winner-bakes-all/index.{html} /series/winner-bakes-all/
/authors/adam-hochschild/index.{html} /authors/adam-hochschild/
/authors/james-odonnell/index.{html} /authors/james-odonnell/
/books/word-by-word/index.{html} /books/word-by-word/
/notes/fear-is-a-natural-reaction-to-moving-closer-to-the-truth/index.{html} /notes/fear-is-a-natural-reaction-to-moving-closer-to-the-truth/
/publishers/hachette-uk/index.{html} /publishers/hachette-uk/
/shelves/manga//index.{html} /shelves/manga//
/authors/ashley-herring-blake/index.{html} /authors/ashley-herring-blake/
/books/justine-philosophy-in-the-bedroom-and-other-writings/index.{html} /books/justine-philosophy-in-the-bedroom-and-other-writings/
/authors/mary-jane-rubenstein/index.{html} /authors/mary-jane-rubenstein/
/books/the-worst-duke-in-london/index.{html} /books/the-worst-duke-in-london/
/books/the-believers/index.{html} /books/the-believers/
/books/justice-for-some/index.{html} /books/justice-for-some/
/tags/fresh-takes//index.{html} /tags/fresh-takes//
/authors/bessel-van-der-kolk/index.{html} /authors/bessel-van-der-kolk/
/books/always-coming-home/index.{html} /books/always-coming-home/
/publishers/anchor/index.{html} /publishers/anchor/
/publishers/nyu-press/index.{html} /publishers/nyu-press/
/tags/cql//index.{html} /tags/cql//
/books/finding-the-fool/index.{html} /books/finding-the-fool/
/notes/emergence-occurs-at-a-certain-level-of-complexity/index.{html} /notes/emergence-occurs-at-a-certain-level-of-complexity/
/books/a-marvellous-light/index.{html} /books/a-marvellous-light/
/books/among-others/index.{html} /books/among-others/
/notes/real-censorship-is-often-plural-private-and-popular/index.{html} /notes/real-censorship-is-often-plural-private-and-popular/
/authors/rivka-galchen/index.{html} /authors/rivka-galchen/
/authors/tehlor-kay-mejia/index.{html} /authors/tehlor-kay-mejia/
/books/a-gentlemans-position/index.{html} /books/a-gentlemans-position/
/books/lexicon-urthus/index.{html} /books/lexicon-urthus/
/books/liars/index.{html} /books/liars/
/books/the-affair-of-the-mysterious-letter/index.{html} /books/the-affair-of-the-mysterious-letter/
/books/the-language-of-the-night/index.{html} /books/the-language-of-the-night/
/books/the-spirit-ring/index.{html} /books/the-spirit-ring/
/authors/rashmi-sirdeshpande/index.{html} /authors/rashmi-sirdeshpande/
/authors/sally-wen-mao/index.{html} /authors/sally-wen-mao/
/publishers/simon-and-schuster/index.{html} /publishers/simon-and-schuster/
/notes/karass/index.{html} /notes/karass/
/publishers/melville-house/index.{html} /publishers/melville-house/
/notes/an-amateur-is-one-who-loves/index.{html} /notes/an-amateur-is-one-who-loves/
/notes/pms-and-other-pathologies-are-culture-bound-syndromes/index.{html} /notes/pms-and-other-pathologies-are-culture-bound-syndromes/
/books/a-fashionable-indulgence/index.{html} /books/a-fashionable-indulgence/
/books/essays-and-aphorisms/index.{html} /books/essays-and-aphorisms/
/publishers/parallax-press/index.{html} /publishers/parallax-press/
/authors/satish-kumar/index.{html} /authors/satish-kumar/
/publishers/freyd%C3%ADs-moon-publishing/index.{html} /publishers/freyd%C3%ADs-moon-publishing/
/authors/mark-johnson/index.{html} /authors/mark-johnson/
/authors/octavia-butler/index.{html} /authors/octavia-butler/
/books/the-henchmen-of-zenda/index.{html} /books/the-henchmen-of-zenda/
/books/william-blake-the-complete-illuminated-books/index.{html} /books/william-blake-the-complete-illuminated-books/
/publishers/ww-norton-company/index.{html} /publishers/ww-norton-company/
/authors/jo-walton/index.{html} /authors/jo-walton/
/authors/kate-bateman/index.{html} /authors/kate-bateman/
/notes/myth-of-scarcity/index.{html} /notes/myth-of-scarcity/
/authors/john-boswell/index.{html} /authors/john-boswell/
/books/mortal-follies/index.{html} /books/mortal-follies/
/books/the-ultimate-hidden-truth-of-the-world/index.{html} /books/the-ultimate-hidden-truth-of-the-world/
/books/a-ladys-guide-to-fortune-hunting/index.{html} /books/a-ladys-guide-to-fortune-hunting/
/books/fireflies/index.{html} /books/fireflies/
/shelves/pansexual//index.{html} /shelves/pansexual//
/authors/marquis-de-sade/index.{html} /authors/marquis-de-sade/
/authors/noam-chomsky/index.{html} /authors/noam-chomsky/
/series//index.{html} /series//
/authors/italo-calvino/index.{html} /authors/italo-calvino/
/authors/jacqueline-carey/index.{html} /authors/jacqueline-carey/
/books/ill-have-what-hes-having/index.{html} /books/ill-have-what-hes-having/
/books/sister-outsider/index.{html} /books/sister-outsider/
/notes/a-social-construct-doesnt-mean-its-not-real/index.{html} /notes/a-social-construct-doesnt-mean-its-not-real/
/notes/the-indigenous-attribution-of-agency/index.{html} /notes/the-indigenous-attribution-of-agency/
/shelves/book-boyfriends//index.{html} /shelves/book-boyfriends//
/authors/charlotte-bront%C3%AB/index.{html} /authors/charlotte-bront%C3%AB/
/books/a-thief-in-the-night/index.{html} /books/a-thief-in-the-night/
/books/the-emperor-and-the-endless-palace/index.{html} /books/the-emperor-and-the-endless-palace/
/authors/mckenzie-wark/index.{html} /authors/mckenzie-wark/
/books/iris-kelly-doesnt-date/index.{html} /books/iris-kelly-doesnt-date/
/books/the-collected-works-of-cg-jung/index.{html} /books/the-collected-works-of-cg-jung/
/books/the-secret-lives-of-country-gentlemen/index.{html} /books/the-secret-lives-of-country-gentlemen/
/authors/antony-loewenstein/index.{html} /authors/antony-loewenstein/
/authors/audrey-bellezza/index.{html} /authors/audrey-bellezza/
/notes/choosing-the-familiar-doesnt-take-you-somewhere-new/index.{html} /notes/choosing-the-familiar-doesnt-take-you-somewhere-new/
/books/reputation/index.{html} /books/reputation/
/info/index.{html} /info/
/publishers/samhain-publishing/index.{html} /publishers/samhain-publishing/
/publishers/baen-books/index.{html} /publishers/baen-books/
/publishers/quarto-publishing-group/index.{html} /publishers/quarto-publishing-group/
/books/jacobs-room/index.{html} /books/jacobs-room/
/notes/whats-the-point-if-we-cant-have-fun/index.{html} /notes/whats-the-point-if-we-cant-have-fun/
/books/earthlings/index.{html} /books/earthlings/
/books/emma-of-83rd-street/index.{html} /books/emma-of-83rd-street/
/notes/mute-the-narrative-soundtrack-for-global-politics/index.{html} /notes/mute-the-narrative-soundtrack-for-global-politics/
/publishers/dell/index.{html} /publishers/dell/
/publishers/red-wombat-studio/index.{html} /publishers/red-wombat-studio/
/authors/freyd%C3%ADs-moon/index.{html} /authors/freyd%C3%ADs-moon/
/books/inferno/index.{html} /books/inferno/
/notes/core-values/index.{html} /notes/core-values/
/notes/science-fiction-futures/index.{html} /notes/science-fiction-futures/
/publishers/courtney-milan-books/index.{html} /publishers/courtney-milan-books/
/authors/rebecca-solnit/index.{html} /authors/rebecca-solnit/
/books/how-to-belong-with-a-billionaire/index.{html} /books/how-to-belong-with-a-billionaire/
/books/the-cloven-viscount/index.{html} /books/the-cloven-viscount/
/notes/flow-dont-force/index.{html} /notes/flow-dont-force/
/notes/getting-clear-on-your-core-values-prevents-manipulation/index.{html} /notes/getting-clear-on-your-core-values-prevents-manipulation/
/publishers/montlake-romance/index.{html} /publishers/montlake-romance/
/publishers/open-road-media/index.{html} /publishers/open-road-media/
/books/harrow-the-ninth/index.{html} /books/harrow-the-ninth/
/books/paladin-of-souls/index.{html} /books/paladin-of-souls/
/authors/garth-greenwell/index.{html} /authors/garth-greenwell/
/notes//index.{html} /notes//
/books/rakesfall/index.{html} /books/rakesfall/
/authors/elizabeth-everett/index.{html} /authors/elizabeth-everett/
/authors/john-barton/index.{html} /authors/john-barton/
/authors/orna-donath/index.{html} /authors/orna-donath/
/authors/tariq-ali/index.{html} /authors/tariq-ali/
/books/confounding-oaths/index.{html} /books/confounding-oaths/
/authors/benebell-wen/index.{html} /authors/benebell-wen/
/authors/gregory-woods/index.{html} /authors/gregory-woods/
/books/grandmaster-of-demonic-cultivation-vol-1/index.{html} /books/grandmaster-of-demonic-cultivation-vol-1/
/books/perhaps-the-stars/index.{html} /books/perhaps-the-stars/
/publishers/pushkin-press-classics/index.{html} /publishers/pushkin-press-classics/
/authors/theodor-adorno/index.{html} /authors/theodor-adorno/
/books/everyone-knows-your-mother-is-a-witch/index.{html} /books/everyone-knows-your-mother-is-a-witch/
/notes/the-limits-of-the-individual-are-porous/index.{html} /notes/the-limits-of-the-individual-are-porous/
/publishers/sirius-fiction/index.{html} /publishers/sirius-fiction/
/books/out-of-your-mind/index.{html} /books/out-of-your-mind/
/books/the-tombs-of-atuan/index.{html} /books/the-tombs-of-atuan/
/books/songs-of-innocence-and-experience/index.{html} /books/songs-of-innocence-and-experience/
/notes/creativity-should-have-fallow-days-too/index.{html} /notes/creativity-should-have-fallow-days-too/
/authors/benvenuto-cellini/index.{html} /authors/benvenuto-cellini/
/authors/rabindranath-tagore/index.{html} /authors/rabindranath-tagore/
/notes/play-could-be-the-basis-of-physical-reality/index.{html} /notes/play-could-be-the-basis-of-physical-reality/
/books/mrs-dalloway/index.{html} /books/mrs-dalloway/
/notes/noticing-the-block-means-youre-ready-to-do-the-work/index.{html} /notes/noticing-the-block-means-youre-ready-to-do-the-work/
/books/there-will-be-phlogiston/index.{html} /books/there-will-be-phlogiston/
/authors/john-locke/index.{html} /authors/john-locke/
/books/hanami/index.{html} /books/hanami/
/notes/calliphony/index.{html} /notes/calliphony/
/publishers/astra-publishing-house/index.{html} /publishers/astra-publishing-house/
/notes/all-fiction-is-fanfiction/index.{html} /notes/all-fiction-is-fanfiction/
/series/gentlemen-of-uncertain-fortune/index.{html} /series/gentlemen-of-uncertain-fortune/
/authors/courtney-milan/index.{html} /authors/courtney-milan/
/authors/lois-mcmaster-bujold/index.{html} /authors/lois-mcmaster-bujold/
/books/orlando-furioso/index.{html} /books/orlando-furioso/
/books/the-duke-at-hazard/index.{html} /books/the-duke-at-hazard/
/publishers/tor-nightfire/index.{html} /publishers/tor-nightfire/
/books/country-queers/index.{html} /books/country-queers/
/books/health-communism/index.{html} /books/health-communism/
/books/ninetails/index.{html} /books/ninetails/
/publishers/knopf/index.{html} /publishers/knopf/
/publishers/mythic-delirium-books/index.{html} /publishers/mythic-delirium-books/
/series/arden-st-ives/index.{html} /series/arden-st-ives/
/authors/carmen-maria-machado/index.{html} /authors/carmen-maria-machado/
/authors/jasbir-puar/index.{html} /authors/jasbir-puar/
/books/i-am-a-strange-loop/index.{html} /books/i-am-a-strange-loop/
/books/information-doesnt-want-to-be-free/index.{html} /books/information-doesnt-want-to-be-free/
/books/pale-blue-dot/index.{html} /books/pale-blue-dot/
/books/ten-myths-about-israel/index.{html} /books/ten-myths-about-israel/
/publishers/cambridge-university-press/index.{html} /publishers/cambridge-university-press/
/publishers/seven-stories-press/index.{html} /publishers/seven-stories-press/
/authors/mary-renault/index.{html} /authors/mary-renault/
/authors/shannon-chakraborty/index.{html} /authors/shannon-chakraborty/
/series/earthsea-cycle/index.{html} /series/earthsea-cycle/
/series/something-fabulous/index.{html} /series/something-fabulous/
/books/shattered-spear/index.{html} /books/shattered-spear/
/books/the-black-tides-of-heaven/index.{html} /books/the-black-tides-of-heaven/
/notes/our-best-defense-against-stupidity-is-diversity/index.{html} /notes/our-best-defense-against-stupidity-is-diversity/
/authors/ro-kwon/index.{html} /authors/ro-kwon/
/notes/anatomy-of-a-propaganda-blitz/index.{html} /notes/anatomy-of-a-propaganda-blitz/
/notes/emotional-identification/index.{html} /notes/emotional-identification/
/publishers/columbia-university-press/index.{html} /publishers/columbia-university-press/
/authors/shane-hawk/index.{html} /authors/shane-hawk/
/books/china-mountain-zhang/index.{html} /books/china-mountain-zhang/
/books/borges-and-me/index.{html} /books/borges-and-me/
/notes/cql-meme-post-v/index.{html} /notes/cql-meme-post-v/
/publishers/scb-distributors/index.{html} /publishers/scb-distributors/
/publishers/taylor-francis/index.{html} /publishers/taylor-francis/
/authors/douglas-hofstadter/index.{html} /authors/douglas-hofstadter/
/books/consolations/index.{html} /books/consolations/
/books/regretting-motherhood/index.{html} /books/regretting-motherhood/
/authors/matthew-fox/index.{html} /authors/matthew-fox/
/authors/robin-wall-kimmerer/index.{html} /authors/robin-wall-kimmerer/
/notes/mosaic-novel/index.{html} /notes/mosaic-novel/
/books/giovannis-room/index.{html} /books/giovannis-room/
/books/what-is-tao/index.{html} /books/what-is-tao/
/books/tao-te-ching/index.{html} /books/tao-te-ching/
/private/digest/books-of-august-24/index.{html} /private/digest/books-of-august-24/
/publishers/harper-voyager/index.{html} /publishers/harper-voyager/
/authors/jp-seabright/index.{html} /authors/jp-seabright/
/books/aspects/index.{html} /books/aspects/
/authors/premee-mohamed/index.{html} /authors/premee-mohamed/
/books/leaves-of-grass/index.{html} /books/leaves-of-grass/
/books/the-ascent-to-godhood/index.{html} /books/the-ascent-to-godhood/
/books/the-dispossessed/index.{html} /books/the-dispossessed/
/notes/pro-cycling-race-numbers/index.{html} /notes/pro-cycling-race-numbers/
/publishers/farrar-straus-and-giroux/index.{html} /publishers/farrar-straus-and-giroux/
/authors/justin-torres/index.{html} /authors/justin-torres/
/authors/leonardo-vilchis/index.{html} /authors/leonardo-vilchis/
/authors/mosab-abu-toha/index.{html} /authors/mosab-abu-toha/
/authors/thomas-hobbes/index.{html} /authors/thomas-hobbes/
/publishers/penguin-classics/index.{html} /publishers/penguin-classics/
/authors/caro-de-robertis/index.{html} /authors/caro-de-robertis/
/authors/kory-stamper/index.{html} /authors/kory-stamper/
/books/paris-daillencourt-is-about-to-crumble/index.{html} /books/paris-daillencourt-is-about-to-crumble/
/books/the-adventures-of-amina-al-sirafi/index.{html} /books/the-adventures-of-amina-al-sirafi/
/notes/mitfreude/index.{html} /notes/mitfreude/
/publishers/oxford-university-press/index.{html} /publishers/oxford-university-press/
/publishers/shambhala-publications/index.{html} /publishers/shambhala-publications/
/authors/rf-kuang/index.{html} /authors/rf-kuang/
/books/griso/index.{html} /books/griso/
/books/deadeye-dick/index.{html} /books/deadeye-dick/
/publishers/duke-university-press/index.{html} /publishers/duke-university-press/
/publishers/grove-press/index.{html} /publishers/grove-press/
/series/the-divine-comedy/index.{html} /series/the-divine-comedy/
/authors/pierre-bayard/index.{html} /authors/pierre-bayard/
/books/bitter/index.{html} /books/bitter/
/authors/virginia-woolf/index.{html} /authors/virginia-woolf/
/notes/create-the-conditions-necessary-for-change/index.{html} /notes/create-the-conditions-necessary-for-change/
/authors/meister-eckhart/index.{html} /authors/meister-eckhart/
/authors/pd-singer/index.{html} /authors/pd-singer/
/authors/robert-macfarlane/index.{html} /authors/robert-macfarlane/
/books/into-the-riverlands/index.{html} /books/into-the-riverlands/
/books/murder-most-actual/index.{html} /books/murder-most-actual/
/notes/cql-meme-post-iv/index.{html} /notes/cql-meme-post-iv/
/authors/alexis-hall/index.{html} /authors/alexis-hall/
/authors/nou-revilla/index.{html} /authors/nou-revilla/
/books/seven-brief-lessons-on-physics/index.{html} /books/seven-brief-lessons-on-physics/
/notes/naft/index.{html} /notes/naft/
/publishers/first-second/index.{html} /publishers/first-second/
/publishers/henry-holt-and-company/index.{html} /publishers/henry-holt-and-company/
/books/the-city-in-glass/index.{html} /books/the-city-in-glass/
/notes/conservation-of-novelty/index.{html} /notes/conservation-of-novelty/
/notes/humanitas-humus/index.{html} /notes/humanitas-humus/
/series/kate-kane-paranormal-investigator/index.{html} /series/kate-kane-paranormal-investigator/
/authors/emily-austin/index.{html} /authors/emily-austin/
/books/amazing-asia/index.{html} /books/amazing-asia/
/notes/we-are-doing-exactly-what-the-fish-are-doing/index.{html} /notes/we-are-doing-exactly-what-the-fish-are-doing/
/private/digest/books-of-november-24/index.{html} /private/digest/books-of-november-24/
/authors/adam-zmith/index.{html} /authors/adam-zmith/
/books/kiss-her-once-for-me/index.{html} /books/kiss-her-once-for-me/
/books/the-complete-novels/index.{html} /books/the-complete-novels/
/publishers/ballantine-books/index.{html} /publishers/ballantine-books/
/publishers/jjwxc/index.{html} /publishers/jjwxc/
/books/smoke-and-ashes/index.{html} /books/smoke-and-ashes/
/notes/people-bluff-the-opposite-of-the-hand-theyre-holding/index.{html} /notes/people-bluff-the-opposite-of-the-hand-theyre-holding/
/books/never-whistle-at-night/index.{html} /books/never-whistle-at-night/
/notes/the-necessity-of-third-places/index.{html} /notes/the-necessity-of-third-places/
/authors/stephanie-foo/index.{html} /authors/stephanie-foo/
/books/clear-and-muddy-loss-of-love/index.{html} /books/clear-and-muddy-loss-of-love/
/books/the-will-to-battle/index.{html} /books/the-will-to-battle/
/publishers/university-of-nebraska-press/index.{html} /publishers/university-of-nebraska-press/
/series/pet/index.{html} /series/pet/
/authors/mazey-eddings/index.{html} /authors/mazey-eddings/
/authors/t-kingfisher/index.{html} /authors/t-kingfisher/
/authors/hannah-arendt/index.{html} /authors/hannah-arendt/
/books/the-baron-in-the-trees/index.{html} /books/the-baron-in-the-trees/
/publishers/signal/index.{html} /publishers/signal/
/authors/david-whyte/index.{html} /authors/david-whyte/
/books/gender-and-our-brains/index.{html} /books/gender-and-our-brains/
/books/husband-material/index.{html} /books/husband-material/
/notes/kink-is-the-new-vanilla/index.{html} /notes/kink-is-the-new-vanilla/
/notes/the-most-hideous-ideologies-are-the-ones-we-believe-without-realizing-it/index.{html} /notes/the-most-hideous-ideologies-are-the-ones-we-believe-without-realizing-it/
/notes/tools-for-thinking-about-censorship/index.{html} /notes/tools-for-thinking-about-censorship/
/publishers/tordotcom/index.{html} /publishers/tordotcom/
/shelves/manhua//index.{html} /shelves/manhua//
/authors/john-m-ford/index.{html} /authors/john-m-ford/
/authors/otava-heikkil%C3%A4/index.{html} /authors/otava-heikkil%C3%A4/
/books/grandmaster-of-demonic-cultivation-vol-5/index.{html} /books/grandmaster-of-demonic-cultivation-vol-5/
/authors/bell-hooks/index.{html} /authors/bell-hooks/
/books/atlas-of-the-heart/index.{html} /books/atlas-of-the-heart/
/books/everyone-in-this-room-will-someday-be-dead/index.{html} /books/everyone-in-this-room-will-someday-be-dead/
/books/post-scarcity-anarchism/index.{html} /books/post-scarcity-anarchism/
/notes/emotions-are-experienced-individually-and-collectively/index.{html} /notes/emotions-are-experienced-individually-and-collectively/
/series/material-world/index.{html} /series/material-world/
/authors/cacilda-jetha/index.{html} /authors/cacilda-jetha/
/books/a-house-with-good-bones/index.{html} /books/a-house-with-good-bones/
/books/machiavelli-in-love/index.{html} /books/machiavelli-in-love/
/books/shadow-claw/index.{html} /books/shadow-claw/
/books/the-complete-cosmicomics/index.{html} /books/the-complete-cosmicomics/
/publishers/barbican-press/index.{html} /publishers/barbican-press/
/authors/cassandra-khaw/index.{html} /authors/cassandra-khaw/
/authors/jorge-luis-borges/index.{html} /authors/jorge-luis-borges/
/publishers/william-morrow/index.{html} /publishers/william-morrow/
/index.html /
/authors/clementine-morrigan/index.{html} /authors/clementine-morrigan/
/authors/rebecca-giblin/index.{html} /authors/rebecca-giblin/
/notes/could-kinesiology-explain-the-phenomenon-of-faith-healing/index.{html} /notes/could-kinesiology-explain-the-phenomenon-of-faith-healing/
/books/siren-queen/index.{html} /books/siren-queen/
/publishers/life-drawn/index.{html} /publishers/life-drawn/
/authors/kai-ashante-wilson/index.{html} /authors/kai-ashante-wilson/
/books/the-mask-of-apollo/index.{html} /books/the-mask-of-apollo/
/notes/physicists-are-the-poets-of-the-scientific-world/index.{html} /notes/physicists-are-the-poets-of-the-scientific-world/
/authors/adib-khorram/index.{html} /authors/adib-khorram/
/authors/ann-druyan/index.{html} /authors/ann-druyan/
/authors/rufi-thorpe/index.{html} /authors/rufi-thorpe/
/books/a-noblemans-guide-to-seducing-a-scoundrel/index.{html} /books/a-noblemans-guide-to-seducing-a-scoundrel/
/books/ducks/index.{html} /books/ducks/
/authors/david-wengrow/index.{html} /authors/david-wengrow/
/authors/rebecca-little/index.{html} /authors/rebecca-little/
/notes/retributive-justice-does-not-work/index.{html} /notes/retributive-justice-does-not-work/
/books/maurice/index.{html} /books/maurice/
/notes/ai-exposes-the-hierarchy-of-intelligence/index.{html} /notes/ai-exposes-the-hierarchy-of-intelligence/
/books/content/index.{html} /books/content/
/books/deviant-matter/index.{html} /books/deviant-matter/
/books/freak-pleasures/index.{html} /books/freak-pleasures/
/notes/fear-destroys-curiosity-and-playfulness/index.{html} /notes/fear-destroys-curiosity-and-playfulness/
/series/england-world/index.{html} /series/england-world/
/authors/adrienne-maree-brown/index.{html} /authors/adrienne-maree-brown/
/authors/jessica-dore/index.{html} /authors/jessica-dore/
/notes/all-transmission-is-recreation/index.{html} /notes/all-transmission-is-recreation/
/notes/despair-is-a-state-of-repair/index.{html} /notes/despair-is-a-state-of-repair/
/series/a-ladys-guide/index.{html} /series/a-ladys-guide/
/books/tao-the-watercourse-way/index.{html} /books/tao-the-watercourse-way/
/books/trouble/index.{html} /books/trouble/
/books/jane-eyre/index.{html} /books/jane-eyre/
/authors/walt-whitman/index.{html} /authors/walt-whitman/
/authors/ben-grossberg/index.{html} /authors/ben-grossberg/
/authors/pete-wharmby/index.{html} /authors/pete-wharmby/
/publishers/elsewhere-editions/index.{html} /publishers/elsewhere-editions/
/books/goddess/index.{html} /books/goddess/
/books/the-silence-of-sodom/index.{html} /books/the-silence-of-sodom/
/notes/complexity-is-sometimes-noise/index.{html} /notes/complexity-is-sometimes-noise/
/notes/the-relationship-abuse-checklist/index.{html} /notes/the-relationship-abuse-checklist/
/books/blackouts/index.{html} /books/blackouts/
/books/im-sorry-for-my-loss/index.{html} /books/im-sorry-for-my-loss/
/books/metaphors-we-live-by/index.{html} /books/metaphors-we-live-by/
/books/sacred-economics/index.{html} /books/sacred-economics/
/books/something-extraordinary/index.{html} /books/something-extraordinary/
/books/the-woman-in-the-body/index.{html} /books/the-woman-in-the-body/
/authors/donna-henderson/index.{html} /authors/donna-henderson/
/authors/mary-wollstonecraft-shelley/index.{html} /authors/mary-wollstonecraft-shelley/
/authors/freya-marske/index.{html} /authors/freya-marske/
/authors/walidah-imarisha/index.{html} /authors/walidah-imarisha/
/publishers/vintage/index.{html} /publishers/vintage/
/books/howards-end/index.{html} /books/howards-end/
/books/the-autistic-survival-guide-to-therapy/index.{html} /books/the-autistic-survival-guide-to-therapy/
/books/all-about-love/index.{html} /books/all-about-love/
/books/meditations-with-meister-eckhart/index.{html} /books/meditations-with-meister-eckhart/
/books/staying-with-the-trouble/index.{html} /books/staying-with-the-trouble/
/authors/jay-parini/index.{html} /authors/jay-parini/
/authors/steph-jones/index.{html} /authors/steph-jones/
/books/the-cyclist-and-his-shadow/index.{html} /books/the-cyclist-and-his-shadow/
/notes/deep-time-decenters-the-human/index.{html} /notes/deep-time-decenters-the-human/
/books/no-straight-road-takes-you-there/index.{html} /books/no-straight-road-takes-you-there/
/books/sense-and-sensibility/index.{html} /books/sense-and-sensibility/
/books/underland/index.{html} /books/underland/
/books/abolish-rent/index.{html} /books/abolish-rent/
/books/iron-and-velvet/index.{html} /books/iron-and-velvet/
